"Role","Company","Title","Location","Link","Date Posted","Added At"
"Software Developer","Blue Enigma","Frontend Developer Intern","Delhi, India","[Apply](https://in.linkedin.com/jobs/view/frontend-developer-intern-at-blue-enigma-4448275923?position=8&pageNum=0&refId=c%2BxOIRa0r8kmuFCnYHhsDw%3D%3D&trackingId=KhbPMlEmG2rU2Z2wSgGwPg%3D%3D)","2026-08-04","2026-08-05 06:26 PM IST"
"Software Developer","SoftSolvate","PHP Development Internship in Delhi","Delhi, India","[Apply](https://in.linkedin.com/jobs/view/php-development-internship-in-delhi-at-softsolvate-4448114806?position=7&pageNum=7&refId=95KLXDEuGaQxqBneJ9DVhg%3D%3D&trackingId=B2M97dPzYbYNDvYvKm66vA%3D%3D)","2026-08-03","2026-08-05 06:26 PM IST"
"Software Developer","American Express","Apprentice","Gurugram, Haryana, India","[Apply](https://in.linkedin.com/jobs/view/apprentice-at-american-express-4447414103?position=43&pageNum=0&refId=c%2BxOIRa0r8kmuFCnYHhsDw%3D%3D&trackingId=RheshjIp0n1GRm%2FD7W2Ngg%3D%3D)","2026-07-31","2026-08-05 06:26 PM IST"
"Software Developer","Traincape Technology","Full Stack Development Internship in Delhi","Delhi, India","[Apply](https://in.linkedin.com/jobs/view/full-stack-development-internship-in-delhi-at-traincape-technology-4446890500?position=32&pageNum=0&refId=c%2BxOIRa0r8kmuFCnYHhsDw%3D%3D&trackingId=lAArNVfdbM6YUFBDcpcbZw%3D%3D)","2026-07-30","2026-08-05 06:26 PM IST"
"Software Developer","Traincape Technology","Full Stack Development Internship in Delhi","Delhi, India","[Apply](https://in.linkedin.com/jobs/view/full-stack-development-internship-in-delhi-at-traincape-technology-4446890500?position=7&pageNum=2&refId=lcRRdaXU13rTFbLPAaO5qw%3D%3D&trackingId=%2Fia8YbGilOqxQKp%2BDl0IqA%3D%3D)","2026-07-30","2026-08-05 06:26 PM IST"
"Software Developer","Rakshak Securitas Pvt. Ltd.","Mobile App Development Internship in Delhi","Delhi, India","[Apply](https://in.linkedin.com/jobs/view/mobile-app-development-internship-in-delhi-at-rakshak-securitas-pvt-ltd-4446889507?position=4&pageNum=7&refId=95KLXDEuGaQxqBneJ9DVhg%3D%3D&trackingId=PbKP5W5lMr%2Fh3JJnRMefow%3D%3D)","2026-07-30","2026-08-05 06:26 PM IST"
"Software Developer","VAYUZ Technologies","Flutter Developer Internship in Noida","Noida, Uttar Pradesh, India","[Apply](https://in.linkedin.com/jobs/view/flutter-developer-internship-in-noida-at-vayuz-technologies-4446503905?position=25&pageNum=0&refId=c%2BxOIRa0r8kmuFCnYHhsDw%3D%3D&trackingId=mJOg1RL0B81Xkpz2T67F%2Bg%3D%3D)","2026-07-29","2026-08-05 06:26 PM IST"
"Software Developer","Intouch Quality Services Private Limited","Front End Development Internship in Delhi, Dehradun","Delhi, India","[Apply](https://in.linkedin.com/jobs/view/front-end-development-internship-in-delhi-dehradun-at-intouch-quality-services-private-limited-4445276210?position=21&pageNum=0&refId=c%2BxOIRa0r8kmuFCnYHhsDw%3D%3D&trackingId=uzFm%2FSBkLXPcRXL33GbFeA%3D%3D)","2026-07-25","2026-08-05 06:26 PM IST"
"Software Developer","Intouch Quality Services Private Limited","Full Stack Development Internship in Delhi, Dehradun","Delhi, India","[Apply](https://in.linkedin.com/jobs/view/full-stack-development-internship-in-delhi-dehradun-at-intouch-quality-services-private-limited-4445262623?position=33&pageNum=0&refId=c%2BxOIRa0r8kmuFCnYHhsDw%3D%3D&trackingId=51EooftKVBEYmXXkrE1dJw%3D%3D)","2026-07-25","2026-08-05 06:26 PM IST"
"Software Developer","Intouch Quality Services Private Limited","Full Stack Development Internship in Delhi, Dehradun","Delhi, India","[Apply](https://in.linkedin.com/jobs/view/full-stack-development-internship-in-delhi-dehradun-at-intouch-quality-services-private-limited-4445262623?position=8&pageNum=2&refId=lcRRdaXU13rTFbLPAaO5qw%3D%3D&trackingId=yy9NdjqAzbaq8z2TUA2%2FHw%3D%3D)","2026-07-25","2026-08-05 06:26 PM IST"
"Software Developer","Nippon Data Systems","AI Agent Development Internship in Noida","Noida, Uttar Pradesh, India","[Apply](https://in.linkedin.com/jobs/view/ai-agent-development-internship-in-noida-at-nippon-data-systems-4442545895?position=55&pageNum=0&refId=c%2BxOIRa0r8kmuFCnYHhsDw%3D%3D&trackingId=tck68my9W7rgTAhhPo1tfA%3D%3D)","2026-07-20","2026-08-05 06:26 PM IST"
"Software Developer","Nippon Data Systems","AI Agent Development Internship in Noida","Noida, Uttar Pradesh, India","[Apply](https://in.linkedin.com/jobs/view/ai-agent-development-internship-in-noida-at-nippon-data-systems-4442545895?position=5&pageNum=5&refId=KkNq93%2Fz8zmW7xkqq6yF6Q%3D%3D&trackingId=dDWH84nLMcLaA2WsVcfA8g%3D%3D)","2026-07-20","2026-08-05 06:26 PM IST"
"Software Developer","DeHaat","Engineering Intern","Gurugram, Haryana, India","[Apply](https://in.linkedin.com/jobs/view/engineering-intern-at-dehaat-4441176448?position=14&pageNum=0&refId=c%2BxOIRa0r8kmuFCnYHhsDw%3D%3D&trackingId=Xl6wgbo3mStDeZbHFsmD%2BA%3D%3D)","2026-07-17","2026-08-05 06:26 PM IST"
"Software Developer","Upthrust Inc.","Software Developer - React, Next.js, Webflow & AI Automation Intern","Gurugram, Haryana, India","[Apply](https://in.linkedin.com/jobs/view/software-developer-react-next-js-webflow-ai-automation-intern-at-upthrust-inc-4438795643?position=19&pageNum=0&refId=c%2BxOIRa0r8kmuFCnYHhsDw%3D%3D&trackingId=JzOTOE0S5k8XSilYl%2BuN4A%3D%3D)","2026-07-17","2026-08-05 06:26 PM IST"
"Software Developer","SMARRTIF AI","AI Tool Developer Internship in Delhi (Hybrid)","Delhi, India","[Apply](https://in.linkedin.com/jobs/view/ai-tool-developer-internship-in-delhi-hybrid-at-smarrtif-ai-4441682921?position=20&pageNum=0&refId=c%2BxOIRa0r8kmuFCnYHhsDw%3D%3D&trackingId=Fmt89TDHXMaFnHlI%2BnEupA%3D%3D)","2026-07-17","2026-08-05 06:26 PM IST"
"Software Developer","Zaptics Research","Embedded Systems Internship in Noida","Noida, Uttar Pradesh, India","[Apply](https://in.linkedin.com/jobs/view/embedded-systems-internship-in-noida-at-zaptics-research-4439764473?position=3&pageNum=7&refId=95KLXDEuGaQxqBneJ9DVhg%3D%3D&trackingId=R%2FX6PLCrl8zyM8SIknVL6w%3D%3D)","2026-07-13","2026-08-05 06:26 PM IST"
"Software Developer","AppVersal","Golang Developer Internship in Greater Noida, Noida","Noida, Uttar Pradesh, India","[Apply](https://in.linkedin.com/jobs/view/golang-developer-internship-in-greater-noida-noida-at-appversal-4438852515?position=45&pageNum=0&refId=c%2BxOIRa0r8kmuFCnYHhsDw%3D%3D&trackingId=L3MbsO9iNbGQWaj1JZSyog%3D%3D)","2026-07-10","2026-08-05 06:26 PM IST"
